"Ebay","NS","Qty"
"ECT-MISC-AS-IS","-ECT-MISC-AS-IS  ","1"
"CC-SBW-SWAG-86917-1-OVER","CC-SBW-SWAG-86917-1  ","1"
"CC-SBW-SWAG-86917-3-OVER","CC-SBW-SWAG-86917-3","1"
"CC-SBW-SWAG-86917-4-OVER","CC-SBW-SWAG-86917-4","1"
"HE-EB-VJ-RAB-GRE","HE-EB-VJ-RAB-GRN  ","1"
"HE-NL-GC-83472-OVER","HE-NL-GC-83472","1"
"HE-SBW-VTK-85370-1-OVER","HE-SBW-VTK-85370-1","1"
"HE-SBW-VTK-85370-2-OVER","HE-SBW-VTK-85370-2","1"
"HE-SBW-VTK-85370-3-OVER","HE-SBW-VTK-85370-3","1"
"HE-SBW-VTK-85370-4-OVER","HE-SBW-VTK-85370-4","1"
"HE-SBW-VTK-85370-5-OVER","HE-SBW-VTK-85370-5","1"
"HE-SBW-VTK-85370-6-OVER","HE-SBW-VTK-85370-6","1"
"HE-SBW-VTK-85370-7-OVER","HE-SBW-VTK-85370-7","1"
"HE-SBW-VTK-85370-8-OVER","HE-SBW-VTK-85370-8","1"
"HE-TPC-VTK-V01-OVER","HE-TPC-VTK-V01","1"
"HG-TS-SW-M-B-OVER","HG-TS-SW-M-B","1"
"HG-TS-SW-W-P-OVER","HG-TS-SW-W-P","1"
"KB-COM-HB-5103-B","KB-COM-BLSTR-B","1"
"OS-KB-KB505U","KB-USB-AZ-KB505U","1"
"PD-DE-O780-E54-2-160-OVER","PD-DE-O780-E54-2-160","1"
"PL-LEN-59423621-F-OVER","PL-LEN-59423621-F","1"
"PL-TSH-C55-B5240-OVER","PL-TSH-C55-B5240","1"
"PRINT-CN-MG5520","PT-CAN-MG5520","1"
"PT-HP-A7F65A-OVER","PT-HP-A7F65A","1"
"PT-HP-E4W43A-OVER","PT-HP-E4W43A","1"
"GIG-TAB-8-BK","TAB-GS-QV830-BK","1"
"TG-GC-83471-OVER","TG-GC-83471","1"
"COMBO-AM-VT-SC-C-BL","AM-VT-SC-C-BL ","2"
"COMBO-AM-VT-SC-C-BR","AM-VT-SC-C-BR  ","2"
"COMBO-AM-VT-SC-C-GY","AM-VT-SC-C-GY  ","2"
"COMBO-AM-VT-SC-C-TAN","AM-VT-SC-C-TAN","2"
"COMBO-AM-VT-SC-CH-BL","AM-VT-SC-CH-BL","2"
"COMBO-AM-VT-SC-CH-BR","AM-VT-SC-CH-BR  ","2"
"COMBO-AM-VT-SC-CH-GY","AM-VT-SC-CH-GY ","2"
"COMBO-AM-VT-SC-CH-TAN","AM-VT-SC-CH-TAN ","2"
"TB-64GB-ADATA-COMBO","MED-TB-32G-AD-AUV128","2"
"2COMBOMIS-ARD-83800","MIS-ARD-83800  ","2"
"2COMBOMIS-ARD-83801","MIS-ARD-83801 ","2"
"5COMBOMIS-ARD-83800","MIS-ARD-83800  ","5"
"5COMBOMIS-ARD-83801","MIS-ARD-83801","5"
"10X-2ft-RJ45-PATCH","CAB-CAT5-2FT ","10"
"100X-2ft-RJ45-PATCH","CAB-CAT5-2FT ","100"
"QI-G3-COMBO","CEA-QI-82357","1"
"","CEA-QI-82361 ","1"
"HE-SBW-VTK-85370-2-COMBO","HE-SBW-VTK-85370-2","1"
"","CC-SBW-SWAG-86917-3 ","1"
"HE-SBW-VTK-85370-5-COMBO","HE-SBW-VTK-85370-5 ","1"
"","CC-SBW-SWAG-86917-3","1"