PO/Check Number,Billed
PW-298462,no bill for pendingBilling
RMT-294011,no bill for pendingFulfillment
GCP-26771,no bill for pendingBilling
WIN-139982,no bill for pendingBilling
JD-85506,no bill for pendingBilling
JD-83992,no bill for pendingBilling
GP-55744,no bill for pendingBilling
OL-50082,no bill for pendingBilling
COC-107140,no bill for pendingBilling
PW-298657,no bill for pendingBilling
CD-200542,no bill for pendingBilling
RMT-293627,no bill for pendingBilling
OL-49524,no bill for pendingBilling
WIN-139894,no bill for pendingBilling
RMT-293177,no bill for pendingBilling
PW-296313,no bill for pendingBilling
JD-83972,no bill for pendingBilling
JD-83971,no bill for pendingBilling
PW-289226,no bill for pendingFulfillment
RMT-284851,no bill for pendingFulfillment
GCP-26785,no bill for pendingBilling
COC-108825,no bill for pendingBilling
CD-201444,no bill for pendingBilling
CD-200953,no bill for pendingBilling
RMT-292799,no bill for pendingBilling
FH-47833,no bill for pendingFulfillment
RH-13539,no bill for pendingBilling
COC-107077,no bill for pendingBilling
COC-110243,no bill for pendingBilling
COC-110386,no bill for pendingBilling
RMT-293253,no bill for pendingFulfillment
GCP-26720,no bill for pendingFulfillment
GCP-26773,no bill for pendingBilling
OL-50835,no bill for pendingBilling
COC-110081,no bill for pendingBilling
COC-107060,no bill for pendingBilling
JD-85309,no bill for pendingFulfillment
JD-85631,no bill for pendingBilling
PC-176075,no bill for pendingBilling
CD-200101,no bill for pendingFulfillment
PC-175829,no bill for pendingFulfillment
RMT-293519,no bill for pendingFulfillment
FH-47491,no bill for pendingBilling
PW-298287,no bill for pendingFulfillment
JD-85302,no bill for pendingFulfillment
PW-297417,no bill for pendingBilling
COC-110395,no bill for pendingBilling
RMT-293395,no bill for pendingBilling
OL-50881,no bill for pendingBilling
PW-298124,no bill for pendingFulfillment
PW-298291,no bill for pendingBilling
JD-85678,no bill for pendingBilling
RMT-292838,no bill for pendingFulfillment
RMT-293649,no bill for pendingBilling
CD-195678,no bill for pendingBilling
OL-50810,no bill for pendingBilling
PW-297381,no bill for pendingBilling
PC-176040,no bill for pendingBilling
JD-85693,no bill for pendingBilling
WIN-135862,no bill for pendingBilling
PW-297903,no bill for pendingFulfillment
OL-50868,no bill for pendingBilling
RMT-294052,no bill for pendingBilling
COC-107061,no bill for pendingBilling
PC-175864,no bill for pendingBilling
CD-200881,no bill for pendingBilling
PW-287858,no bill for pendingFulfillment
RMT-293884,no bill for pendingBilling
GCP-26740,no bill for pendingBilling
CD-200920,no bill for pendingBilling
OL-50846,no bill for pendingBilling
RH-13808,no bill for pendingBilling
COC-107017,no bill for pendingBilling
CD-201501,no bill for pendingBilling
COC-110189,no bill for pendingBilling
WIN-139896,no bill for pendingBilling
JD-85718,no bill for pendingBilling
CD-201428,no bill for pendingFulfillment
CD-200600,no bill for pendingBilling
WIN-139910,no bill for pendingBilling
OL-50853,no bill for pendingBilling
WIN-140202,no bill for pendingBilling
RMT-292863,no bill for pendingFulfillment
JD-85721,no bill for pendingBilling
PW-296822,no bill for pendingFulfillment
PW-297857,no bill for pendingBilling
GCP-26758,no bill for pendingBilling
PW-298457,no bill for pendingBilling
PW-298633,no bill for pendingBilling
RH-13811,no bill for pendingBilling
JD-85666,no bill for pendingBilling
RH-13627,no bill for pendingBilling
PW-298258,no bill for pendingFulfillment
JD-85682,no bill for pendingBilling
OL-49497,no bill for pendingBilling
ST-17206,no bill for pendingApproval
COC-110403,no bill for pendingBilling
RMT-293636,no bill for pendingBilling
PC-176129,no bill for pendingFulfillment
CD-201417,no bill for pendingBilling
OL-50871,no bill for pendingBilling
JD-85707,no bill for pendingBilling
CD-200919,no bill for pendingBilling
JD-85732,no bill for pendingBilling
PW-297408,no bill for pendingBilling
RMT-293744,no bill for pendingFulfillment
CD-201249,no bill for pendingBilling
RH-13810,no bill for pendingBilling
RH-13816,no bill for pendingBilling
PW-292645,no bill for pendingFulfillment
PW-297893,no bill for pendingBilling
GCP-26792,no bill for pendingBilling
PW-297581,no bill for pendingBilling
GCP-26753,no bill for pendingBilling
PW-294459,no bill for pendingBilling
OL-50884,no bill for pendingBilling
CD-200279,no bill for pendingBilling
OL-49521,no bill for pendingBilling
JD-83989,no bill for pendingBilling
PW-297746,no bill for pendingBilling
JD-85662,no bill for pendingBilling
RMT-293663,no bill for pendingFulfillment
PC-176256,no bill for pendingBilling
WIN-139756,no bill for pendingFulfillment
JD-85591,no bill for pendingBilling
CD-201499,no bill for pendingBilling
OL-50821,no bill for pendingFulfillment
RMT-289041,no bill for pendingFulfillment
PW-297923,no bill for pendingFulfillment
PW-298062,no bill for pendingFulfillment
JD-83978,no bill for pendingBilling
RMT-293701,no bill for pendingFulfillment
PW-294359,no bill for pendingFulfillment
PW-298554,no bill for pendingBilling
PW-298340,no bill for pendingBilling
CD-200698,no bill for pendingBilling
OL-49729,no bill for pendingFulfillment
COC-110477,no bill for pendingBilling
COC-110465,no bill for pendingFulfillment
PW-298155,no bill for pendingFulfillment
COC-108191,no bill for pendingBilling
CD-194536,no bill for pendingBilling
PW-298388,no bill for pendingBilling
JD-84011,no bill for pendingBilling
GP-55742,no bill for pendingBilling
GCP-26761,no bill for pendingBilling
PW-289936,no bill for pendingFulfillment
COC-110435,no bill for pendingBilling
OL-50856,no bill for pendingBilling
RMT-286443,no bill for pendingApproval
COC-107011,no bill for pendingBilling
GCP-26751,no bill for pendingBilling
JD-85719,no bill for pendingFulfillment
RMT-293762,no bill for pendingBilling
WIN-136838,no bill for pendingBilling
OL-50872,no bill for pendingBilling
MA-18582,no bill for pendingFulfillment
COC-110368,no bill for pendingBilling
JD-85594,no bill for pendingBilling
WIN-137988,no bill for pendingFulfillment
COC-107000,no bill for pendingBilling
JB-3189,no bill for pendingBilling
FH-47923,no bill for pendingFulfillment
FH-48018,no bill for pendingFulfillment
RMT-293680,no bill for pendingBilling
PW-298808,no bill for pendingBilling
OL-50805,no bill for pendingFulfillment
PW-298496,no bill for pendingBilling
RMT-293548,no bill for pendingBilling
RMT-294247,no bill for pendingBilling
JB-3193,no bill for pendingBilling
RMT-292600,no bill for pendingBilling
RMT-293655,no bill for pendingBilling
GCP-26768,no bill for pendingBilling
CD-200829,no bill for pendingFulfillment
PW-293958,no bill for pendingBilling
JD-83991,no bill for pendingBilling
PW-297722,no bill for pendingBilling
PW-297496,no bill for pendingBilling
RMT-290585,no bill for pendingBilling
CD-199829,no bill for pendingBilling
RMT-293654,no bill for pendingBilling
RMT-286567,no bill for pendingFulfillment
WIN-140084,no bill for pendingBilling
PC-176302,no bill for pendingBilling
COC-109214,no bill for pendingBilling
JD-85714,no bill for pendingBilling
RMT-294149,no bill for pendingBilling
PW-297324,no bill for pendingBilling
WIN-140187,no bill for pendingBilling
OL-50848,no bill for pendingBilling
RMT-294192,no bill for pendingBilling
PW-297736,no bill for pendingBilling
COC-110431,no bill for pendingBilling
CD-198210,no bill for pendingFulfillment
JD-85632,no bill for pendingBilling
RMT-286845,no bill for pendingFulfillment
RMT-293634,no bill for pendingBilling
RMT-294087,no bill for pendingBilling
COC-107445,no bill for pendingBilling
JD-85664,no bill for pendingBilling
COC-110380,no bill for pendingBilling
OL-50843,no bill for pendingBilling
OL-50877,no bill for pendingBilling
JD-83953,no bill for pendingBilling
ST-17375,no bill for pendingBilling
GCP-26749,no bill for pendingBilling
COC-110430,no bill for pendingBilling
JD-85653,no bill for pendingBilling
CD-201059,no bill for pendingBilling
CD-200789,no bill for pendingFulfillment
RMT-293354,no bill for pendingBilling
GCP-26781,no bill for pendingBilling
WIN-139720,no bill for pendingBilling
WIN-139747,no bill for pendingBilling
GCP-26765,no bill for pendingBilling
GCP-26747,no bill for pendingBilling
PW-298487,no bill for pendingBilling
GCP-26736,no bill for pendingBilling
RMT-294194,no bill for pendingFulfillment
JD-85724,no bill for pendingBilling
JD-85517,no bill for pendingBilling
PW-293295,no bill for pendingBilling
JD-85701,no bill for pendingBilling
RH-13817,no bill for pendingBilling
RMT-293094,no bill for pendingBilling
JD-85686,no bill for pendingBilling
PW-298138,no bill for pendingFulfillment
CD-201255,no bill for pendingBilling
WIN-139876,no bill for pendingBilling
OL-50858,no bill for pendingBilling
PW-297393,no bill for pendingBilling
COC-110365,no bill for pendingFulfillment
CF-2109,no bill for pendingApproval
RMT-294248,no bill for pendingBilling
RMT-294237,no bill for pendingBilling
CD-201115,no bill for pendingBilling
PC-175887,no bill for pendingBilling
JB-3194,no bill for pendingBilling
COC-109997,no bill for pendingBilling
ST-17361,no bill for pendingBilling
RMT-293600,no bill for pendingBilling
RMT-291655,no bill for pendingBilling
PW-292467,no bill for pendingBilling
JD-85628,no bill for pendingBilling
JD-85741,no bill for pendingBilling
PW-297330,no bill for pendingFulfillment
COC-107034,no bill for pendingBilling
CD-197731,no bill for pendingBilling
JD-83954,no bill for pendingBilling
CD-198240,no bill for pendingBilling
CD-196058,no bill for pendingBilling
JD-83964,no bill for pendingBilling
FH-47996,no bill for pendingFulfillment
JD-83968,no bill for pendingBilling
OL-50442,no bill for pendingBilling
JD-83959,no bill for pendingBilling
COC-110405,no bill for pendingBilling
RH-13792,no bill for pendingBilling
JD-85696,no bill for pendingBilling
GCP-26741,no bill for pendingBilling
COC-109342,no bill for pendingBilling
COC-110472,no bill for pendingFulfillment
RMT-293329,no bill for pendingBilling
OL-50874,no bill for pendingBilling
CD-197659,no bill for pendingBilling
OL-50837,no bill for pendingBilling
OL-49478,no bill for pendingBilling
PW-293666,no bill for pendingBilling
WIN-136560,no bill for pendingBilling
WIN-140098,no bill for pendingBilling
OL-50811,no bill for pendingBilling
OL-49510,no bill for pendingBilling
JD-85733,no bill for pendingBilling
OL-50804,no bill for pendingBilling
CD-201478,no bill for pendingBilling
RH-13762,no bill for pendingBilling
OL-49477,no bill for pendingBilling
PW-298870,no bill for pendingBilling
RMT-293059,no bill for pendingBilling
RMT-292269,no bill for pendingFulfillment
PW-298896,no bill for pendingBilling
RMT-287633,no bill for pendingFulfillment
PW-297300,no bill for pendingBilling
RH-13819,no bill for pendingBilling
CD-201398,no bill for pendingBilling
PW-298156,no bill for pendingFulfillment
WIN-136904,no bill for pendingFulfillment
RMT-293621,no bill for pendingBilling
JD-84014,no bill for pendingBilling
RMT-294186,no bill for pendingBilling
JD-85743,no bill for pendingBilling
OL-50769,no bill for pendingBilling
CD-197661,no bill for pendingFulfillment
OL-49501,no bill for pendingBilling
JD-85699,no bill for pendingBilling
RMT-286717,no bill for pendingApproval
COC-110396,no bill for pendingBilling
RMT-293109,no bill for pendingBilling
RMT-292742,no bill for pendingFulfillment
FH-45919,no bill for pendingBilling
COC-107073,no bill for pendingBilling
GCP-26779,no bill for pendingBilling
RMT-292993,no bill for pendingFulfillment
JD-85589,no bill for pendingBilling
PW-293477,no bill for pendingBilling
WIN-139550,no bill for pendingFulfillment
PC-176227,no bill for pendingFulfillment
CD-201345,no bill for pendingBilling
PW-298820,no bill for pendingBilling
OL-49511,no bill for pendingBilling
PW-298271,no bill for pendingBilling
CD-197915,no bill for pendingBilling
CD-200300,no bill for pendingBilling
CD-197937,no bill for pendingBilling
RMT-293915,no bill for pendingBilling
RMT-293637,no bill for pendingBilling
WIN-139413,no bill for pendingBilling
JD-85593,no bill for pendingBilling
RMT-293424,no bill for pendingBilling
CD-201282,no bill for pendingBilling
PW-298296,no bill for pendingBilling
PW-295503,no bill for pendingFulfillment
PW-293470,no bill for pendingFulfillment
COC-110508,no bill for pendingBilling
PW-298262,no bill for pendingBilling
PW-298653,no bill for pendingBilling
RMT-294241,no bill for pendingBilling
PW-298288,no bill for pendingBilling
RMT-293632,no bill for pendingBilling
CD-194521,no bill for pendingFulfillment
RH-13775,no bill for pendingBilling
OL-50060,no bill for pendingBilling
RMT-293864,no bill for pendingBilling
WIN-138468,no bill for pendingBilling
CD-200998,no bill for pendingFulfillment
PW-297347,no bill for pendingFulfillment
JD-85597,no bill for pendingBilling
OL-49487,no bill for pendingBilling
PW-298275,no bill for pendingBilling
CD-200957,no bill for pendingBilling
PC-176200,no bill for pendingBilling
OL-49489,no bill for pendingBilling
COC-110333,no bill for pendingBilling
RO-22667,no bill for pendingBilling
GP-57162,no bill for pendingFulfillment
FH-47841,no bill for pendingFulfillment
COC-110236,no bill for pendingBilling
RMT-293646,no bill for pendingBilling
COC-107062,no bill for pendingBilling
CD-201338,no bill for pendingBilling
COC-110502,no bill for pendingBilling
WIN-139899,no bill for pendingBilling
JD-85709,no bill for pendingBilling
OL-50820,no bill for pendingBilling
PW-298755,no bill for pendingBilling
COC-106987,no bill for pendingBilling
PW-297964,no bill for pendingBilling
FH-47983,no bill for pendingFulfillment
JD-85728,no bill for pendingBilling
RMT-292958,no bill for pendingFulfillment
CD-200794,no bill for pendingBilling
PW-297444,no bill for pendingBilling
CD-193721,no bill for pendingBilling
RMT-293648,no bill for pendingFulfillment
PW-290346,no bill for pendingFulfillment
JD-85738,no bill for pendingBilling
PW-298823,no bill for pendingBilling
CD-201108,no bill for pendingBilling
FH-47838,no bill for pendingFulfillment
JD-85720,no bill for pendingBilling
PW-287859,no bill for pendingFulfillment
PW-296827,no bill for pendingBilling
JD-85694,no bill for pendingBilling
OL-50814,no bill for pendingBilling
WIN-139950,no bill for pendingBilling
RMT-293095,no bill for pendingFulfillment
OL-50855,no bill for pendingBilling
PC-173940,no bill for pendingFulfillment
JD-85739,no bill for pendingBilling
OL-50862,no bill for pendingBilling
RH-13802,no bill for pendingBilling
CD-200347,no bill for pendingFulfillment
PW-287197,no bill for pendingFulfillment
JD-85729,no bill for pendingBilling
RMT-294152,no bill for pendingBilling
WIN-138985,no bill for pendingFulfillment
PW-297605,no bill for pendingFulfillment
JD-85490,no bill for pendingFulfillment
GCP-26777,no bill for pendingBilling
JD-85681,no bill for pendingBilling
OL-50886,no bill for pendingBilling
COC-107008,no bill for pendingBilling
GCP-26769,no bill for pendingBilling
RMT-293893,no bill for pendingBilling
WIN-140069,no bill for pendingFulfillment
CD-200589,no bill for pendingBilling
OL-50849,no bill for pendingBilling
PW-290711,no bill for pendingFulfillment
COC-108507,no bill for pendingBilling
RH-13785,no bill for pendingBilling
JD-85688,no bill for pendingBilling
COC-107006,no bill for pendingBilling
OL-50813,no bill for pendingBilling
CD-197384,no bill for pendingFulfillment
COC-110364,no bill for pendingBilling
CD-200437,no bill for pendingBilling
OL-50834,no bill for pendingBilling
RMT-293554,no bill for pendingBilling
CD-195160,no bill for pendingBilling
CD-194417,no bill for pendingApproval
CD-201376,no bill for pendingBilling
PW-293511,no bill for pendingBilling
PW-297658,no bill for pendingFulfillment
RMT-293147,no bill for pendingBilling
PW-298664,no bill for pendingBilling
WIN-139488,no bill for pendingBilling
JD-85671,no bill for pendingBilling
TH-20685,no bill for pendingApproval
PW-294221,no bill for pendingFulfillment
CD-200469,no bill for pendingFulfillment
RMT-293664,no bill for pendingBilling
OL-50863,no bill for pendingBilling
CD-201431,no bill for pendingBilling
COC-110190,no bill for pendingBilling
RMT-285986,no bill for cancelled
PW-298806,no bill for pendingBilling
COC-108777,no bill for pendingBilling
PW-298651,no bill for pendingBilling
RMT-293647,no bill for pendingBilling
OL-50704,no bill for pendingBilling
RMT-293880,no bill for pendingBilling
OL-50859,no bill for pendingBilling
COC-106995,no bill for pendingBilling
GCP-26778,no bill for pendingBilling
RH-13807,no bill for pendingBilling
RMT-294256,no bill for pendingBilling
OL-49481,no bill for pendingBilling
GP-55741,no bill for pendingBilling
RO-22677,no bill for pendingFulfillment
JD-85365,no bill for pendingBilling
FH-47831,no bill for pendingFulfillment
PW-298099,no bill for pendingBilling
COC-110390,no bill for pendingBilling
CD-200856,no bill for pendingFulfillment
RMT-293868,no bill for pendingFulfillment
OL-49486,no bill for pendingBilling
COC-109032,no bill for pendingBilling
RMT-293761,no bill for pendingFulfillment
RMT-293538,no bill for pendingBilling
CD-192866,no bill for pendingApproval
Bo-3064,no bill for pendingBilling
COC-110394,no bill for pendingBilling
PW-294270,no bill for pendingBilling
RMT-290830,no bill for pendingFulfillment
RMT-292756,no bill for pendingBilling
RMT-294201,no bill for pendingFulfillment
PC-174407,no bill for pendingFulfillment
JD-85730,no bill for pendingBilling
GCP-26371,no bill for pendingFulfillment
RMT-293956,no bill for pendingBilling
JD-85697,no bill for pendingBilling
WIN-139740,no bill for pendingBilling
OL-50793,no bill for pendingBilling
JD-85590,no bill for pendingBilling
PW-293011,no bill for pendingBilling
JD-85673,no bill for pendingFulfillment
GCP-26764,no bill for pendingBilling
OL-49513,no bill for pendingBilling
JD-85684,no bill for pendingBilling
OL-50854,no bill for pendingBilling
RH-13774,no bill for pendingBilling
JD-85679,no bill for pendingBilling
PW-295602,no bill for pendingBilling
COC-110334,no bill for pendingFulfillment
RMT-293640,no bill for pendingBilling
COC-110054,no bill for pendingFulfillment
RMT-293659,no bill for pendingBilling
COC-110303,no bill for pendingBilling
JD-85223,no bill for pendingFulfillment
COC-110274,no bill for pendingBilling
COC-107071,no bill for pendingFulfillment
COC-110381,no bill for pendingFulfillment
COC-107040,no bill for pendingBilling
OL-49937,no bill for pendingBilling
JD-85726,no bill for pendingBilling
RH-13813,no bill for pendingBilling
PW-298297,no bill for pendingBilling
JD-85584,no bill for pendingBilling
CD-201322,no bill for pendingBilling
JD-83986,no bill for pendingBilling
RMT-293592,no bill for pendingBilling
RH-13818,no bill for pendingBilling
OL-49506,no bill for pendingBilling
RH-13793,no bill for pendingBilling
RMT-293656,no bill for pendingFulfillment
CD-201216,no bill for pendingBilling
RMT-293074,no bill for pendingBilling
JD-85661,no bill for pendingBilling
JD-85727,no bill for pendingBilling
RMT-292690,no bill for pendingFulfillment
JD-85700,no bill for pendingBilling
PW-297215,no bill for pendingBilling
CD-200124,no bill for pendingBilling
JD-85731,no bill for pendingBilling
PW-298147,no bill for pendingBilling
RMT-286166,no bill for pendingApproval
CD-201339,no bill for pendingBilling
CD-200889,no bill for pendingBilling
RMT-292988,no bill for pendingFulfillment
PW-297790,no bill for pendingBilling
ST-17414,no bill for pendingFulfillment
PC-176340,no bill for pendingBilling
RMT-290423,no bill for pendingBilling
RMT-290378,no bill for pendingFulfillment
JD-85715,no bill for pendingBilling
PW-298881,no bill for pendingBilling
JD-84002,no bill for pendingBilling
CD-197262,no bill for pendingBilling
RMT-293535,no bill for pendingFulfillment
FH-47915,no bill for pendingFulfillment
JD-85600,no bill for pendingBilling
CD-201204,no bill for pendingBilling
COC-107394,no bill for pendingApproval
WIN-139898,no bill for pendingBilling
JD-85552,no bill for pendingFulfillment
OL-50882,no bill for pendingBilling
CD-200146,no bill for pendingFulfillment
WIN-137915,no bill for pendingBilling
JD-84873,no bill for pendingBilling
PW-298540,no bill for pendingBilling
PW-298279,no bill for pendingFulfillment
GCP-26791,no bill for pendingBilling
COC-107045,no bill for pendingBilling
OL-50878,no bill for pendingBilling
JD-84012,no bill for pendingBilling
PW-293780,no bill for pendingBilling
JD-85713,no bill for pendingBilling
JD-85692,no bill for pendingBilling
WIN-139549,no bill for pendingBilling
RMT-292736,no bill for pendingBilling
GCP-26786,no bill for pendingBilling
CD-200855,no bill for pendingBilling
FH-47656,no bill for pendingBilling
OL-49522,no bill for pendingBilling
RMT-293041,no bill for pendingBilling
RMT-292677,no bill for pendingBilling
OL-50860,no bill for pendingBilling
GCP-26787,no bill for pendingBilling
WIN-139897,no bill for pendingBilling
PW-294347,no bill for pendingBilling
JD-85725,no bill for pendingBilling
PW-298580,no bill for pendingFulfillment
FH-47965,no bill for pendingFulfillment
COC-110061,no bill for pendingBilling
WIN-136895,no bill for pendingFulfillment
JD-85690,no bill for pendingBilling
GP-55743,no bill for pendingBilling
COC-106989,no bill for pendingBilling
RMT-293658,no bill for pendingBilling
RMT-293657,no bill for pendingBilling
JD-85603,no bill for pendingBilling
JD-84003,no bill for pendingBilling
RMT-292504,no bill for pendingBilling
OL-50828,no bill for pendingFulfillment
GCP-26774,no bill for pendingBilling
GP-57019,no bill for pendingFulfillment
JD-85518,no bill for pendingBilling
OL-50499,no bill for pendingBilling
PW-297809,no bill for pendingBilling
CD-201426,no bill for pendingBilling
CD-200915,no bill for pendingBilling
COC-110384,no bill for pendingFulfillment
WIN-140074,no bill for pendingBilling
OL-50809,no bill for pendingBilling
OL-50875,no bill for pendingBilling
CD-200711,no bill for pendingBilling
OL-49476,no bill for pendingBilling
JD-83973,no bill for pendingBilling
RMT-293512,no bill for pendingBilling
PW-298874,no bill for pendingFulfillment
PW-294222,no bill for pendingFulfillment
GCP-26814,no bill for pendingBilling
PW-292606,no bill for pendingFulfillment
JD-85698,no bill for pendingBilling
CD-198216,no bill for pendingBilling
RMT-283886,no bill for pendingApproval
TH-21720,no bill for pendingBilling
PW-292086,no bill for pendingBilling
JD-85695,no bill for pendingBilling
RMT-294212,no bill for pendingBilling
OL-50127,no bill for pendingBilling
RH-13804,no bill for pendingBilling
RMT-292819,no bill for pendingBilling
OL-49480,no bill for pendingBilling
PW-295788,no bill for pendingFulfillment
RMT-293526,no bill for pendingBilling
RMT-283880,no bill for pendingApproval
PW-297008,no bill for pendingBilling
JD-83949,no bill for pendingBilling
PW-298038,no bill for pendingBilling
CD-197201,no bill for pendingFulfillment
WIN-139791,no bill for pendingBilling
RMT-293123,no bill for pendingBilling
PW-293337,no bill for pendingBilling
JD-85723,no bill for pendingBilling
CD-201492,no bill for pendingBilling
RMT-284221,no bill for pendingApproval
OL-50764,no bill for pendingBilling
WIN-139697,no bill for pendingBilling
CD-200963,no bill for pendingBilling
GCP-26767,no bill for pendingBilling
CD-200612,no bill for pendingBilling
RMT-290700,no bill for pendingBilling
PW-298301,no bill for pendingBilling
OL-49492,no bill for pendingBilling
OL-50885,no bill for pendingBilling
RMT-285899,no bill for cancelled
RMT-288967,no bill for pendingFulfillment
JB-3192,no bill for pendingBilling
GCP-26752,no bill for pendingBilling
RMT-285612,no bill for pendingApproval
OL-50861,no bill for pendingBilling
JD-85716,no bill for pendingBilling
OL-50419,no bill for pendingFulfillment
OL-49515,no bill for pendingBilling
CD-195427,no bill for pendingBilling
RMT-294219,no bill for pendingBilling
PW-293317,no bill for pendingBilling
PW-297478,no bill for pendingFulfillment
PW-298150,no bill for pendingBilling
PW-298486,no bill for pendingBilling
PW-298268,no bill for pendingFulfillment
OL-50825,no bill for pendingBilling
PW-294024,no bill for pendingBilling
JD-85587,no bill for pendingBilling
COC-110414,no bill for pendingFulfillment
MA-18510,no bill for pendingBilling
JD-83985,no bill for pendingBilling
GCP-26745,no bill for pendingFulfillment
RMT-294010,no bill for pendingFulfillment
OL-50865,no bill for pendingBilling
RH-13809,no bill for pendingBilling
GCP-26201,no bill for pendingBilling
OL-49494,no bill for pendingBilling
JD-85633,no bill for pendingBilling
COC-107035,no bill for pendingBilling
RH-13812,no bill for pendingBilling
JD-85665,no bill for pendingBilling
TH-21721,no bill for pendingBilling
RMT-293857,no bill for pendingBilling
OL-50873,no bill for pendingBilling
CD-199712,no bill for pendingBilling
JD-85674,no bill for pendingBilling
RMT-292743,no bill for pendingFulfillment
GP-57149,no bill for pendingBilling
CD-200298,no bill for pendingBilling
OL-50836,no bill for pendingBilling
COC-110010,no bill for pendingBilling
RMT-293000,no bill for pendingFulfillment
OL-50425,no bill for pendingBilling
CD-200000,no bill for pendingFulfillment
CD-201068,no bill for pendingBilling
OL-50812,no bill for pendingBilling
OL-50796,no bill for pendingBilling
PC-176408,no bill for pendingBilling
COC-110411,no bill for pendingFulfillment
JD-85645,no bill for pendingBilling
COC-107739,no bill for pendingFulfillment
CD-201273,no bill for pendingBilling
PC-174778,no bill for pendingFulfillment
PW-298270,no bill for pendingBilling
GP-57161,no bill for pendingBilling
OL-50842,no bill for pendingBilling
COC-107069,no bill for pendingBilling
PW-298281,no bill for pendingBilling
RMT-293639,no bill for pendingBilling
PC-176315,no bill for pendingBilling
JD-85737,no bill for pendingBilling
RMT-294070,no bill for pendingBilling
CD-197581,no bill for pendingBilling
COC-110464,no bill for pendingBilling
JD-83975,no bill for pendingBilling
CD-198318,no bill for pendingFulfillment
JD-85564,no bill for pendingFulfillment
RMT-293213,no bill for pendingBilling
WIN-139630,no bill for pendingBilling
JD-85627,no bill for pendingBilling
COC-110161,no bill for pendingBilling
RMT-293090,no bill for pendingBilling
RH-13815,no bill for pendingBilling
Supe-2964,no bill for pendingBilling
WIN-139900,no bill for pendingBilling
PW-297783,no bill for pendingFulfillment
RMT-293953,no bill for pendingBilling
CD-201496,no bill for pendingBilling
RMT-293825,no bill for pendingBilling
JD-85735,no bill for pendingBilling
RO-22659,no bill for pendingBilling
OL-50841,no bill for pendingBilling
RMT-293773,no bill for pendingBilling
MA-18560,no bill for pendingBilling
JD-85657,no bill for pendingBilling
RMT-293577,no bill for pendingFulfillment
PW-297795,no bill for pendingBilling
OL-50777,no bill for pendingBilling
RMT-283683,no bill for pendingApproval
CD-201166,no bill for pendingBilling
GCP-26772,no bill for pendingBilling
PW-291615,no bill for pendingFulfillment
JD-83966,no bill for pendingBilling
JD-85740,no bill for pendingBilling
PW-297834,no bill for pendingFulfillment
RMT-293826,no bill for pendingBilling
PC-177002,no bill for pendingBilling
PW-297477,no bill for pendingFulfillment
COC-107046,no bill for pendingBilling
PW-287492,no bill for pendingFulfillment
PW-298294,no bill for pendingBilling
WIN-139830,no bill for pendingFulfillment
PC-176198,no bill for pendingBilling
RMT-293582,no bill for pendingBilling
OL-49488,no bill for pendingBilling
JD-85604,no bill for pendingBilling
CD-200396,no bill for pendingBilling
OL-49493,no bill for pendingBilling
GCP-26755,no bill for pendingBilling
JD-84620,no bill for pendingFulfillment
RMT-293638,no bill for pendingBilling
COC-110036,no bill for pendingBilling
FH-47960,no bill for pendingFulfillment
JD-83994,no bill for pendingBilling
WIN-139969,no bill for pendingBilling
PC-173992,no bill for pendingFulfillment
PW-298669,no bill for pendingBilling
COC-110277,no bill for pendingBilling
FH-47835,no bill for pendingFulfillment
FH-47870,no bill for pendingFulfillment
RMT-294122,no bill for pendingBilling
GCP-26760,no bill for pendingBilling
JD-83976,no bill for pendingBilling
RMT-293251,no bill for pendingBilling
JD-85668,no bill for pendingBilling
RMT-293542,no bill for pendingBilling
PW-290474,no bill for pendingFulfillment
OL-50876,no bill for pendingBilling
RH-13795,no bill for pendingFulfillment
PW-297863,no bill for pendingBilling
COC-110092,no bill for pendingBilling
GP-55250,no bill for pendingFulfillment
PW-292553,no bill for pendingFulfillment
PW-297471,no bill for pendingFulfillment
JD-85710,no bill for pendingBilling
OL-49507,no bill for pendingBilling
COC-107005,no bill for pendingBilling
PW-298221,no bill for pendingBilling
WIN-139593,no bill for pendingFulfillment
RMT-292608,no bill for pendingBilling
JD-85675,no bill for pendingBilling
RMT-293284,no bill for pendingBilling
PW-292253,no bill for pendingFulfillment
OL-50817,no bill for pendingBilling
RMT-293650,no bill for pendingFulfillment
RMT-294257,no bill for pendingBilling
CD-200254,no bill for pendingBilling
PW-291202,no bill for pendingFulfillment
CD-196640,no bill for pendingFulfillment
JD-85711,no bill for pendingBilling
OL-50852,no bill for pendingBilling
JD-85607,no bill for pendingBilling
COC-110426,no bill for pendingBilling
PW-287168,no bill for pendingFulfillment
RH-13791,no bill for pendingBilling
OL-50883,no bill for pendingBilling
JD-85599,no bill for pendingBilling
CD-200782,no bill for pendingFulfillment
OL-50880,no bill for pendingBilling
RMT-285296,no bill for pendingApproval
JD-85656,no bill for pendingBilling
COC-107065,no bill for pendingBilling
CD-200658,no bill for pendingBilling
CD-196550,no bill for pendingBilling
JD-85635,no bill for pendingBilling
JD-85654,no bill for pendingBilling
CD-200637,no bill for pendingBilling
JD-85655,no bill for pendingBilling
JD-85742,no bill for pendingBilling
CD-200458,no bill for pendingBilling
RMT-292820,no bill for pendingBilling
RMT-284736,no bill for pendingApproval
OL-50845,no bill for pendingBilling
ST-17358,no bill for pendingBilling
RMT-293910,no bill for pendingBilling
PW-290381,no bill for pendingFulfillment
PW-296654,no bill for pendingBilling
PW-287234,no bill for pendingApproval
PC-174687,no bill for pendingBilling
WIN-140023,no bill for pendingBilling
PW-289951,no bill for pendingFulfillment
JD-83993,no bill for pendingBilling
RH-13680,no bill for pendingBilling
COC-106992,no bill for pendingBilling
PC-176207,no bill for pendingBilling
CD-195953,no bill for pendingFulfillment
COC-107054,no bill for pendingBilling
OL-50484,no bill for pendingBilling
JD-85687,no bill for pendingBilling
CD-200262,no bill for pendingFulfillment
JD-85545,no bill for pendingFulfillment
COC-110434,no bill for pendingBilling
PW-286524,no bill for pendingFulfillment
JD-83969,no bill for pendingBilling
PW-295535,no bill for pendingFulfillment
CD-200369,no bill for pendingFulfillment
CD-200324,no bill for pendingBilling
COC-107042,no bill for pendingBilling
OL-50806,no bill for pendingBilling
JD-83950,no bill for pendingBilling
JD-85546,no bill for pendingFulfillment
JD-85708,no bill for pendingBilling
PW-298295,no bill for pendingBilling
PW-298284,no bill for pendingBilling
JD-84013,no bill for pendingBilling
CD-200307,no bill for pendingFulfillment
OL-50866,no bill for pendingBilling
CD-201218,no bill for pendingBilling
PW-291664,no bill for pendingBilling
PW-287236,no bill for pendingFulfillment
JD-85736,no bill for pendingBilling
JD-85642,no bill for pendingBilling
RMT-293346,no bill for pendingBilling
RH-13790,no bill for pendingBilling
JD-85602,no bill for pendingBilling
COC-110247,no bill for pendingBilling
PW-298186,no bill for pendingBilling
JD-85683,no bill for pendingBilling
PW-292784,no bill for pendingBilling
PC-176414,no bill for pendingBilling
PW-298235,no bill for pendingBilling
RMT-290296,no bill for pendingBilling
PW-288879,no bill for pendingFulfillment
WIN-139957,no bill for pendingBilling
CD-200590,no bill for pendingBilling
JD-84001,no bill for pendingBilling
RMT-293522,no bill for pendingBilling
JD-85712,no bill for pendingBilling
PW-297708,no bill for pendingFulfillment
RH-13488,no bill for pendingBilling
FH-48021,no bill for pendingFulfillment
CD-201002,no bill for pendingBilling
COC-110478,no bill for pendingFulfillment
FH-47947,no bill for pendingBilling
RMT-293708,no bill for pendingBilling
PW-297441,no bill for pendingBilling
JD-85669,no bill for pendingBilling
COC-110515,no bill for pendingBilling
PW-293586,no bill for pendingFulfillment
RH-13805,no bill for pendingBilling
JD-85574,no bill for pendingBilling
WIN-140085,no bill for pendingBilling
WIN-139741,no bill for pendingFulfillment
PW-298701,no bill for pendingFulfillment
RMT-290306,no bill for pendingBilling
GP-57131,no bill for pendingBilling
PW-293987,no bill for pendingBilling
WIN-140205,no bill for pendingBilling
WIN-139646,no bill for pendingFulfillment
RMT-293467,no bill for pendingFulfillment
CD-195428,no bill for pendingBilling
PW-297221,no bill for pendingBilling
JD-85717,no bill for pendingBilling
JD-85641,no bill for pendingBilling
RMT-293635,no bill for pendingBilling
OL-50844,no bill for pendingBilling
OL-49484,no bill for pendingBilling
RH-13771,no bill for pendingFulfillment
JD-83983,no bill for pendingBilling
CD-200575,no bill for pendingFulfillment
JD-85611,no bill for pendingFulfillment
PW-297936,no bill for pendingFulfillment
RMT-293924,no bill for pendingBilling
RMT-293446,no bill for pendingBilling
JD-85691,no bill for pendingBilling
RMT-285786,no bill for cancelled
JD-85680,no bill for pendingBilling
PW-297504,no bill for pendingFulfillment
PW-297364,no bill for pendingFulfillment
CD-197555,no bill for pendingBilling
CD-198092,no bill for pendingBilling
GCP-26776,no bill for pendingBilling
RMT-293546,no bill for pendingBilling
TH-21722,no bill for pendingBilling
JD-85722,no bill for pendingBilling
COC-107528,no bill for pendingBilling
COC-110489,no bill for pendingFulfillment
RMT-289715,no bill for pendingBilling
JD-83982,no bill for pendingBilling
ST-17165,no bill for pendingApproval
RMT-292963,no bill for pendingBilling
RMT-285704,no bill for pendingApproval
JD-85595,no bill for pendingFulfillment
CD-200582,no bill for pendingBilling
GCP-26759,no bill for pendingBilling
OL-50864,no bill for pendingBilling
RMT-293096,no bill for pendingFulfillment
PW-294369,no bill for pendingBilling
JD-85677,no bill for pendingBilling
RMT-288238,no bill for pendingFulfillment
CD-200848,no bill for pendingBilling
OL-50808,no bill for pendingBilling
PW-298631,no bill for pendingBilling
RMT-294002,no bill for pendingBilling
RMT-293126,no bill for pendingBilling
RMT-293709,no bill for pendingFulfillment
GCP-26660,no bill for pendingFulfillment
PW-298252,no bill for pendingFulfillment
PC-176199,no bill for pendingBilling
PW-297445,no bill for pendingBilling
JD-85643,no bill for pendingBilling
CD-195656,no bill for pendingBilling
PW-298607,no bill for pendingBilling
WIN-140010,no bill for pendingBilling
OL-50867,no bill for pendingBilling
JD-85629,no bill for pendingBilling
WIN-139721,no bill for pendingBilling
RMT-292737,no bill for pendingBilling
COC-110413,no bill for pendingBilling
PW-298866,no bill for pendingBilling
JD-85576,no bill for pendingFulfillment
CD-201015,no bill for pendingBilling
RH-13776,no bill for pendingBilling
CD-201169,no bill for pendingFulfillment
RMT-294083,no bill for pendingBilling
OL-50870,no bill for pendingBilling
PC-174622,no bill for pendingFulfillment
RMT-294053,no bill for pendingBilling
RMT-293993,no bill for pendingBilling
FH-48025,no bill for pendingBilling
CD-201380,no bill for pendingBilling
JD-85565,no bill for pendingFulfillment
WIN-138347,no bill for pendingFulfillment
GCP-26756,no bill for pendingBilling
GCP-26762,no bill for pendingBilling
JD-85532,no bill for pendingBilling
PW-298639,no bill for pendingBilling
JD-85446,no bill for pendingBilling
RMT-293350,no bill for pendingBilling
MA-18574,no bill for pendingFulfillment
GCP-26202,no bill for pendingBilling
OL-49512,no bill for pendingBilling
OL-50457,no bill for pendingBilling
OL-50795,no bill for pendingBilling
RMT-292905,no bill for pendingBilling
PC-176201,no bill for pendingBilling
OL-49504,no bill for pendingBilling
RMT-284564,no bill for pendingApproval
GP-57152,no bill for pendingBilling
RMT-290687,no bill for pendingBilling
PW-296749,no bill for pendingBilling
GCP-26784,no bill for pendingBilling
PW-297853,no bill for pendingBilling
JD-85596,no bill for pendingBilling
RMT-293954,no bill for pendingBilling
CD-200743,no bill for pendingBilling
RMT-293572,no bill for pendingBilling
PW-298269,no bill for pendingBilling
PW-288878,no bill for pendingFulfillment
GCP-26780,no bill for pendingBilling
PW-297663,no bill for pendingBilling
JD-83962,no bill for pendingBilling
PW-298245,no bill for pendingBilling
RMT-290231,no bill for pendingBilling
JD-85605,no bill for pendingBilling
PW-297570,no bill for pendingBilling
JD-83965,no bill for pendingBilling
WIN-139895,no bill for pendingBilling
JD-85734,no bill for pendingBilling
GCP-26775,no bill for pendingBilling
RMT-294107,no bill for pendingBilling
RMT-293782,no bill for pendingBilling
COC-110417,no bill for pendingBilling
RH-13801,no bill for pendingBilling
PC-176032,no bill for pendingBilling
TH-21495,no bill for pendingBilling
OL-50816,no bill for pendingBilling
COC-110185,no bill for pendingBilling
RMT-292994,no bill for pendingFulfillment
PW-297488,no bill for pendingBilling
JD-85685,no bill for pendingBilling
WIN-139914,no bill for pendingBilling
PW-298276,no bill for pendingBilling
CD-201375,no bill for pendingBilling
CD-200410,no bill for pendingBilling
CD-197899,no bill for pendingBilling
COC-107075,no bill for pendingBilling
COC-107825,no bill for pendingBilling
PW-296967,no bill for pendingBilling
JD-85601,no bill for pendingBilling
JD-85606,no bill for pendingBilling
COC-107070,no bill for pendingBilling
PW-297829,no bill for pendingBilling
COC-108556,no bill for pendingBilling
OL-50850,no bill for pendingBilling
PW-298387,no bill for pendingBilling
OL-49483,no bill for pendingBilling
CD-200446,no bill for pendingBilling
RMT-294164,no bill for pendingFulfillment
PW-295997,no bill for pendingBilling
JD-84475,no bill for pendingBilling
JD-85689,no bill for pendingBilling
GP-57093,no bill for pendingFulfillment
RMT-292898,no bill for pendingFulfillment
PW-296478,no bill for pendingBilling
RMT-293641,no bill for pendingBilling
TH-21687,no bill for pendingBilling
JD-85530,no bill for pendingBilling
PW-297828,no bill for pendingBilling
OL-50869,no bill for pendingBilling
OL-49514,no bill for pendingBilling
PW-297203,no bill for pendingFulfillment
OL-49485,no bill for pendingBilling
JD-85630,no bill for pendingBilling
COC-110212,no bill for pendingBilling
RH-13806,no bill for pendingBilling
OL-49505,no bill for pendingBilling
PW-298888,no bill for pendingBilling
COC-110474,no bill for pendingBilling
RMT-293327,no bill for pendingBilling
OL-50857,no bill for pendingBilling
CD-200801,no bill for pendingBilling
COC-107055,no bill for pendingBilling
RH-13468,no bill for pendingBilling
WIN-135589,no bill for pendingApproval
MO-3250,no bill for pendingBilling
CD-200619,no bill for pendingFulfillment
PW-298753,no bill for pendingBilling
PW-298839,no bill for pendingBilling
JD-85619,no bill for pendingBilling
CD-195261,no bill for pendingBilling
CD-195468,no bill for pendingBilling
PW-292020,no bill for pendingBilling
OL-50334,no bill for pendingBilling
CD-198476,no bill for pendingFulfillment