"PO/Check Number","Billed"
"PW-298462","To invocie is OK"
"RMT-294011","To invocie is OK"
"GCP-26771","To invocie is OK"
"WIN-139982","To invocie is OK"
"JD-85506","To invocie is OK"
"JD-83992","To invocie is OK"
"GP-55744","To invocie is OK"
"OL-50082","To invocie is OK"
"COC-107140","To invocie is OK"
"PW-298657","To invocie is OK"
"CD-200542","To invocie is OK"
"RMT-293627","To invocie is OK"
"OL-49524","To invocie is OK"
"WIN-139894","To invocie is OK"
"RMT-293177","To invocie is OK"
"PW-296313","To invocie is OK"
"JD-83972","To invocie is OK"
"JD-83971","To invocie is OK"
"PW-289226","To invocie is OK"
"RMT-284851","To invocie is OK"
"GCP-26785","To invocie is OK"
"COC-108825","To invocie is OK"
"CD-201444","To invocie is OK"
"CD-200953","To invocie is OK"
"RMT-292799","To invocie is OK"
"FH-47833","To invocie is OK"
"RH-13539","To invocie is OK"
"COC-107077","To invocie is OK"
"COC-110243","To invocie is OK"
"COC-110386","To invocie is OK"
"RMT-293253","To invocie is OK"
"GCP-26720","To invocie is OK"
"GCP-26773","To invocie is OK"
"OL-50835","To invocie is OK"
"COC-110081","To invocie is OK"
"COC-107060","To invocie is OK"
"JD-85309","To invocie is OK"
"JD-85631","To invocie is OK"
"PC-176075","To invocie is OK"
"CD-200101","To invocie is OK"
"PC-175829","To invocie is OK"
"RMT-293519","To invocie is OK"
"FH-47491","To invocie is OK"
"PW-298287","To invocie is OK"
"JD-85302","To invocie is OK"
"PW-297417","To invocie is OK"
"COC-110395","To invocie is OK"
"RMT-293395","To invocie is OK"
"OL-50881","To invocie is OK"
"PW-298124","To invocie is OK"
"PW-298291","To invocie is OK"
"JD-85678","To invocie is OK"
"RMT-292838","To invocie is OK"
"RMT-293649","To invocie is OK"
"CD-195678","To invocie is OK"
"OL-50810","To invocie is OK"
"PW-297381","To invocie is OK"
"PC-176040","To invocie is OK"
"JD-85693","To invocie is OK"
"WIN-135862","To invocie is OK"
"PW-297903","To invocie is OK"
"OL-50868","To invocie is OK"
"RMT-294052","To invocie is OK"
"COC-107061","To invocie is OK"
"PC-175864","To invocie is OK"
"CD-200881","To invocie is OK"
"PW-287858","To invocie is OK"
"RMT-293884","To invocie is OK"
"GCP-26740","To invocie is OK"
"CD-200920","To invocie is OK"
"OL-50846","To invocie is OK"
"RH-13808","To invocie is OK"
"COC-107017","To invocie is OK"
"CD-201501","To invocie is OK"
"COC-110189","To invocie is OK"
"WIN-139896","To invocie is OK"
"JD-85718","To invocie is OK"
"CD-201428","To invocie is OK"
"CD-200600","To invocie is OK"
"WIN-139910","To invocie is OK"
"OL-50853","To invocie is OK"
"WIN-140202","To invocie is OK"
"RMT-292863","To invocie is OK"
"JD-85721","To invocie is OK"
"PW-296822","To invocie is OK"
"PW-297857","To invocie is OK"
"GCP-26758","To invocie is OK"
"PW-298457","To invocie is OK"
"PW-298633","To invocie is OK"
"RH-13811","To invocie is OK"
"JD-85666","To invocie is OK"
"RH-13627","To invocie is OK"
"PW-298258","To invocie is OK"
"JD-85682","To invocie is OK"
"OL-49497","To invocie is OK"
"ST-17206","no bill for pendingApproval"
"COC-110403","To invocie is OK"
"RMT-293636","To invocie is OK"
"PC-176129","To invocie is OK"
"CD-201417","To invocie is OK"
"OL-50871","To invocie is OK"
"JD-85707","To invocie is OK"
"CD-200919","To invocie is OK"
"JD-85732","To invocie is OK"
"PW-297408","To invocie is OK"
"RMT-293744","To invocie is OK"
"CD-201249","To invocie is OK"
"RH-13810","To invocie is OK"
"RH-13816","To invocie is OK"
"PW-292645","To invocie is OK"
"PW-297893","To invocie is OK"
"GCP-26792","To invocie is OK"
"PW-297581","To invocie is OK"
"GCP-26753","To invocie is OK"
"PW-294459","To invocie is OK"
"OL-50884","To invocie is OK"
"CD-200279","To invocie is OK"
"OL-49521","To invocie is OK"
"JD-83989","To invocie is OK"
"PW-297746","To invocie is OK"
"JD-85662","To invocie is OK"
"RMT-293663","To invocie is OK"
"PC-176256","To invocie is OK"
"WIN-139756","To invocie is OK"
"JD-85591","To invocie is OK"
"CD-201499","To invocie is OK"
"OL-50821","To invocie is OK"
"RMT-289041","To invocie is OK"
"PW-297923","To invocie is OK"
"PW-298062","To invocie is OK"
"JD-83978","To invocie is OK"
"RMT-293701","To invocie is OK"
"PW-294359","To invocie is OK"
"PW-298554","To invocie is OK"
"PW-298340","To invocie is OK"
"CD-200698","To invocie is OK"
"OL-49729","To invocie is OK"
"COC-110477","To invocie is OK"
"COC-110465","To invocie is OK"
"PW-298155","To invocie is OK"
"COC-108191","To invocie is OK"
"CD-194536","To invocie is OK"
"PW-298388","To invocie is OK"
"JD-84011","To invocie is OK"
"GP-55742","To invocie is OK"
"GCP-26761","To invocie is OK"
"PW-289936","To invocie is OK"
"COC-110435","To invocie is OK"
"OL-50856","To invocie is OK"
"RMT-286443","no bill for pendingApproval"
"COC-107011","To invocie is OK"
"GCP-26751","To invocie is OK"
"JD-85719","To invocie is OK"
"RMT-293762","To invocie is OK"
"WIN-136838","To invocie is OK"
"OL-50872","To invocie is OK"
"MA-18582","To invocie is OK"
"COC-110368","To invocie is OK"
"JD-85594","To invocie is OK"
"WIN-137988","To invocie is OK"
"COC-107000","To invocie is OK"
"JB-3189","To invocie is OK"
"FH-47923","To invocie is OK"
"FH-48018","To invocie is OK"
"RMT-293680","To invocie is OK"
"PW-298808","To invocie is OK"
"OL-50805","To invocie is OK"
"PW-298496","To invocie is OK"
"RMT-293548","To invocie is OK"
"RMT-294247","To invocie is OK"
"JB-3193","To invocie is OK"
"RMT-292600","To invocie is OK"
"RMT-293655","To invocie is OK"
"GCP-26768","To invocie is OK"
"CD-200829","To invocie is OK"
"PW-293958","To invocie is OK"
"JD-83991","To invocie is OK"
"PW-297722","To invocie is OK"
"PW-297496","To invocie is OK"
"RMT-290585","To invocie is OK"
"CD-199829","To invocie is OK"
"RMT-293654","To invocie is OK"
"RMT-286567","To invocie is OK"
"WIN-140084","To invocie is OK"
"PC-176302","To invocie is OK"
"COC-109214","To invocie is OK"
"JD-85714","To invocie is OK"
"RMT-294149","To invocie is OK"
"PW-297324","To invocie is OK"
"WIN-140187","To invocie is OK"
"OL-50848","To invocie is OK"
"RMT-294192","To invocie is OK"
"PW-297736","To invocie is OK"
"COC-110431","To invocie is OK"
"CD-198210","To invocie is OK"
"JD-85632","To invocie is OK"
"RMT-286845","To invocie is OK"
"RMT-293634","To invocie is OK"
"RMT-294087","To invocie is OK"
"COC-107445","To invocie is OK"
"JD-85664","To invocie is OK"
"COC-110380","To invocie is OK"
"OL-50843","To invocie is OK"
"OL-50877","To invocie is OK"
"JD-83953","To invocie is OK"
"ST-17375","To invocie is OK"
"GCP-26749","To invocie is OK"
"COC-110430","To invocie is OK"
"JD-85653","To invocie is OK"
"CD-201059","To invocie is OK"
"CD-200789","To invocie is OK"
"RMT-293354","To invocie is OK"
"GCP-26781","To invocie is OK"
"WIN-139720","To invocie is OK"
"WIN-139747","To invocie is OK"
"GCP-26765","To invocie is OK"
"GCP-26747","To invocie is OK"
"PW-298487","To invocie is OK"
"GCP-26736","To invocie is OK"
"RMT-294194","To invocie is OK"
"JD-85724","To invocie is OK"
"JD-85517","To invocie is OK"
"PW-293295","To invocie is OK"
"JD-85701","To invocie is OK"
"RH-13817","To invocie is OK"
"RMT-293094","To invocie is OK"
"JD-85686","To invocie is OK"
"PW-298138","To invocie is OK"
"CD-201255","To invocie is OK"
"WIN-139876","To invocie is OK"
"OL-50858","To invocie is OK"
"PW-297393","To invocie is OK"
"COC-110365","To invocie is OK"
"CF-2109","no bill for pendingApproval"
"RMT-294248","To invocie is OK"
"RMT-294237","To invocie is OK"
"CD-201115","To invocie is OK"
"PC-175887","To invocie is OK"
"JB-3194","To invocie is OK"
"COC-109997","To invocie is OK"
"ST-17361","To invocie is OK"
"RMT-293600","To invocie is OK"
"RMT-291655","To invocie is OK"
"PW-292467","To invocie is OK"
"JD-85628","To invocie is OK"
"JD-85741","To invocie is OK"
"PW-297330","To invocie is OK"
"COC-107034","To invocie is OK"
"CD-197731","To invocie is OK"
"JD-83954","To invocie is OK"
"CD-198240","To invocie is OK"
"CD-196058","To invocie is OK"
"JD-83964","To invocie is OK"
"FH-47996","To invocie is OK"
"JD-83968","To invocie is OK"
"OL-50442","To invocie is OK"
"JD-83959","To invocie is OK"
"COC-110405","To invocie is OK"
"RH-13792","To invocie is OK"
"JD-85696","To invocie is OK"
"GCP-26741","To invocie is OK"
"COC-109342","To invocie is OK"
"COC-110472","To invocie is OK"
"RMT-293329","To invocie is OK"
"OL-50874","To invocie is OK"
"CD-197659","To invocie is OK"
"OL-50837","To invocie is OK"
"OL-49478","To invocie is OK"
"PW-293666","To invocie is OK"
"WIN-136560","To invocie is OK"
"WIN-140098","To invocie is OK"
"OL-50811","To invocie is OK"
"OL-49510","To invocie is OK"
"JD-85733","To invocie is OK"
"OL-50804","To invocie is OK"
"CD-201478","To invocie is OK"
"RH-13762","To invocie is OK"
"OL-49477","To invocie is OK"
"PW-298870","To invocie is OK"
"RMT-293059","To invocie is OK"
"RMT-292269","To invocie is OK"
"PW-298896","To invocie is OK"
"RMT-287633","To invocie is OK"
"PW-297300","To invocie is OK"
"RH-13819","To invocie is OK"
"CD-201398","To invocie is OK"
"PW-298156","To invocie is OK"
"WIN-136904","To invocie is OK"
"RMT-293621","To invocie is OK"
"JD-84014","To invocie is OK"
"RMT-294186","To invocie is OK"
"JD-85743","To invocie is OK"
"OL-50769","To invocie is OK"
"CD-197661","To invocie is OK"
"OL-49501","To invocie is OK"
"JD-85699","To invocie is OK"
"RMT-286717","no bill for pendingApproval"
"COC-110396","To invocie is OK"
"RMT-293109","To invocie is OK"
"RMT-292742","To invocie is OK"
"FH-45919","To invocie is OK"
"COC-107073","To invocie is OK"
"GCP-26779","To invocie is OK"
"RMT-292993","To invocie is OK"
"JD-85589","To invocie is OK"
"PW-293477","To invocie is OK"
"WIN-139550","To invocie is OK"
"PC-176227","To invocie is OK"
"CD-201345","To invocie is OK"
"PW-298820","To invocie is OK"
"OL-49511","To invocie is OK"
"PW-298271","To invocie is OK"
"CD-197915","To invocie is OK"
"CD-200300","To invocie is OK"
"CD-197937","To invocie is OK"
"RMT-293915","To invocie is OK"
"RMT-293637","To invocie is OK"
"WIN-139413","To invocie is OK"
"JD-85593","To invocie is OK"
"RMT-293424","To invocie is OK"
"CD-201282","To invocie is OK"
"PW-298296","To invocie is OK"
"PW-295503","To invocie is OK"
"PW-293470","To invocie is OK"
"COC-110508","To invocie is OK"
"PW-298262","To invocie is OK"
"PW-298653","To invocie is OK"
"RMT-294241","To invocie is OK"
"PW-298288","To invocie is OK"
"RMT-293632","To invocie is OK"
"CD-194521","To invocie is OK"
"RH-13775","To invocie is OK"
"OL-50060","To invocie is OK"
"RMT-293864","To invocie is OK"
"WIN-138468","To invocie is OK"
"CD-200998","To invocie is OK"
"PW-297347","To invocie is OK"
"JD-85597","To invocie is OK"
"OL-49487","To invocie is OK"
"PW-298275","To invocie is OK"
"CD-200957","To invocie is OK"
"PC-176200","To invocie is OK"
"OL-49489","To invocie is OK"
"COC-110333","To invocie is OK"
"RO-22667","To invocie is OK"
"GP-57162","To invocie is OK"
"FH-47841","To invocie is OK"
"COC-110236","To invocie is OK"
"RMT-293646","To invocie is OK"
"COC-107062","To invocie is OK"
"CD-201338","To invocie is OK"
"COC-110502","To invocie is OK"
"WIN-139899","To invocie is OK"
"JD-85709","To invocie is OK"
"OL-50820","To invocie is OK"
"PW-298755","To invocie is OK"
"COC-106987","To invocie is OK"
"PW-297964","To invocie is OK"
"FH-47983","To invocie is OK"
"JD-85728","To invocie is OK"
"RMT-292958","To invocie is OK"
"CD-200794","To invocie is OK"
"PW-297444","To invocie is OK"
"CD-193721","To invocie is OK"
"RMT-293648","To invocie is OK"
"PW-290346","To invocie is OK"
"JD-85738","To invocie is OK"
"PW-298823","To invocie is OK"
"CD-201108","To invocie is OK"
"FH-47838","To invocie is OK"
"JD-85720","To invocie is OK"
"PW-287859","To invocie is OK"
"PW-296827","To invocie is OK"
"JD-85694","To invocie is OK"
"OL-50814","To invocie is OK"
"WIN-139950","To invocie is OK"
"RMT-293095","To invocie is OK"
"OL-50855","To invocie is OK"
"PC-173940","To invocie is OK"
"JD-85739","To invocie is OK"
"OL-50862","To invocie is OK"
"RH-13802","To invocie is OK"
"CD-200347","To invocie is OK"
"PW-287197","To invocie is OK"
"JD-85729","To invocie is OK"
"RMT-294152","To invocie is OK"
"WIN-138985","To invocie is OK"
"PW-297605","To invocie is OK"
"JD-85490","To invocie is OK"
"GCP-26777","To invocie is OK"
"JD-85681","To invocie is OK"
"OL-50886","To invocie is OK"
"COC-107008","To invocie is OK"
"GCP-26769","To invocie is OK"
"RMT-293893","To invocie is OK"
"WIN-140069","To invocie is OK"
"CD-200589","To invocie is OK"
"OL-50849","To invocie is OK"
"PW-290711","To invocie is OK"
"COC-108507","To invocie is OK"
"RH-13785","To invocie is OK"
"JD-85688","To invocie is OK"
"COC-107006","To invocie is OK"
"OL-50813","To invocie is OK"
"CD-197384","To invocie is OK"
"COC-110364","To invocie is OK"
"CD-200437","To invocie is OK"
"OL-50834","To invocie is OK"
"RMT-293554","To invocie is OK"
"CD-195160","To invocie is OK"
"CD-194417","no bill for pendingApproval"
"CD-201376","To invocie is OK"
"PW-293511","To invocie is OK"
"PW-297658","To invocie is OK"
"RMT-293147","To invocie is OK"
"PW-298664","To invocie is OK"
"WIN-139488","To invocie is OK"
"JD-85671","To invocie is OK"
"TH-20685","no bill for pendingApproval"
"PW-294221","To invocie is OK"
"CD-200469","To invocie is OK"
"RMT-293664","To invocie is OK"
"OL-50863","To invocie is OK"
"CD-201431","To invocie is OK"
"COC-110190","To invocie is OK"
"RMT-285986","no bill for cancelled"
"PW-298806","To invocie is OK"
"COC-108777","To invocie is OK"
"PW-298651","To invocie is OK"
"RMT-293647","To invocie is OK"
"OL-50704","To invocie is OK"
"RMT-293880","To invocie is OK"
"OL-50859","To invocie is OK"
"COC-106995","To invocie is OK"
"GCP-26778","To invocie is OK"
"RH-13807","To invocie is OK"
"RMT-294256","To invocie is OK"
"OL-49481","To invocie is OK"
"GP-55741","To invocie is OK"
"RO-22677","To invocie is OK"
"JD-85365","To invocie is OK"
"FH-47831","To invocie is OK"
"PW-298099","To invocie is OK"
"COC-110390","To invocie is OK"
"CD-200856","To invocie is OK"
"RMT-293868","To invocie is OK"
"OL-49486","To invocie is OK"
"COC-109032","To invocie is OK"
"RMT-293761","To invocie is OK"
"RMT-293538","To invocie is OK"
"CD-192866","no bill for pendingApproval"
"Bo-3064","To invocie is OK"
"COC-110394","To invocie is OK"
"PW-294270","To invocie is OK"
"RMT-290830","To invocie is OK"
"RMT-292756","To invocie is OK"
"RMT-294201","To invocie is OK"
"PC-174407","To invocie is OK"
"JD-85730","To invocie is OK"
"GCP-26371","To invocie is OK"
"RMT-293956","To invocie is OK"
"JD-85697","To invocie is OK"
"WIN-139740","To invocie is OK"
"OL-50793","To invocie is OK"
"JD-85590","To invocie is OK"
"PW-293011","To invocie is OK"
"JD-85673","To invocie is OK"
"GCP-26764","To invocie is OK"
"OL-49513","To invocie is OK"
"JD-85684","To invocie is OK"
"OL-50854","To invocie is OK"
"RH-13774","To invocie is OK"
"JD-85679","To invocie is OK"
"PW-295602","To invocie is OK"
"COC-110334","To invocie is OK"
"RMT-293640","To invocie is OK"
"COC-110054","To invocie is OK"
"RMT-293659","To invocie is OK"
"COC-110303","To invocie is OK"
"JD-85223","To invocie is OK"
"COC-110274","To invocie is OK"
"COC-107071","To invocie is OK"
"COC-110381","To invocie is OK"
"COC-107040","To invocie is OK"
"OL-49937","To invocie is OK"
"JD-85726","To invocie is OK"
"RH-13813","To invocie is OK"
"PW-298297","To invocie is OK"
"JD-85584","To invocie is OK"
"CD-201322","To invocie is OK"
"JD-83986","To invocie is OK"
"RMT-293592","To invocie is OK"
"RH-13818","To invocie is OK"
"OL-49506","To invocie is OK"
"RH-13793","To invocie is OK"
"RMT-293656","To invocie is OK"
"CD-201216","To invocie is OK"
"RMT-293074","To invocie is OK"
"JD-85661","To invocie is OK"
"JD-85727","To invocie is OK"
"RMT-292690","To invocie is OK"
"JD-85700","To invocie is OK"
"PW-297215","To invocie is OK"
"CD-200124","To invocie is OK"
"JD-85731","To invocie is OK"
"PW-298147","To invocie is OK"
"RMT-286166","no bill for pendingApproval"
"CD-201339","To invocie is OK"
"CD-200889","To invocie is OK"
"RMT-292988","To invocie is OK"
"PW-297790","To invocie is OK"
"ST-17414","To invocie is OK"
"PC-176340","To invocie is OK"
"RMT-290423","To invocie is OK"
"RMT-290378","To invocie is OK"
"JD-85715","To invocie is OK"
"PW-298881","To invocie is OK"
"JD-84002","To invocie is OK"
"CD-197262","To invocie is OK"
"RMT-293535","To invocie is OK"
"FH-47915","To invocie is OK"
"JD-85600","To invocie is OK"
"CD-201204","To invocie is OK"
"COC-107394","no bill for pendingApproval"
"WIN-139898","To invocie is OK"
"JD-85552","To invocie is OK"
"OL-50882","To invocie is OK"
"CD-200146","To invocie is OK"
"WIN-137915","To invocie is OK"
"JD-84873","To invocie is OK"
"PW-298540","To invocie is OK"
"PW-298279","To invocie is OK"
"GCP-26791","To invocie is OK"
"COC-107045","To invocie is OK"
"OL-50878","To invocie is OK"
"JD-84012","To invocie is OK"
"PW-293780","To invocie is OK"
"JD-85713","To invocie is OK"
"JD-85692","To invocie is OK"
"WIN-139549","To invocie is OK"
"RMT-292736","To invocie is OK"
"GCP-26786","To invocie is OK"
"CD-200855","To invocie is OK"
"FH-47656","To invocie is OK"
"OL-49522","To invocie is OK"
"RMT-293041","To invocie is OK"
"RMT-292677","To invocie is OK"
"OL-50860","To invocie is OK"
"GCP-26787","To invocie is OK"
"WIN-139897","To invocie is OK"
"PW-294347","To invocie is OK"
"JD-85725","To invocie is OK"
"PW-298580","To invocie is OK"
"FH-47965","To invocie is OK"
"COC-110061","To invocie is OK"
"WIN-136895","To invocie is OK"
"JD-85690","To invocie is OK"
"GP-55743","To invocie is OK"
"COC-106989","To invocie is OK"
"RMT-293658","To invocie is OK"
"RMT-293657","To invocie is OK"
"JD-85603","To invocie is OK"
"JD-84003","To invocie is OK"
"RMT-292504","To invocie is OK"
"OL-50828","To invocie is OK"
"GCP-26774","To invocie is OK"
"GP-57019","To invocie is OK"
"JD-85518","To invocie is OK"
"OL-50499","To invocie is OK"
"PW-297809","To invocie is OK"
"CD-201426","To invocie is OK"
"CD-200915","To invocie is OK"
"COC-110384","To invocie is OK"
"WIN-140074","To invocie is OK"
"OL-50809","To invocie is OK"
"OL-50875","To invocie is OK"
"CD-200711","To invocie is OK"
"OL-49476","To invocie is OK"
"JD-83973","To invocie is OK"
"RMT-293512","To invocie is OK"
"PW-298874","To invocie is OK"
"PW-294222","To invocie is OK"
"GCP-26814","To invocie is OK"
"PW-292606","To invocie is OK"
"JD-85698","To invocie is OK"
"CD-198216","To invocie is OK"
"RMT-283886","no bill for pendingApproval"
"TH-21720","To invocie is OK"
"PW-292086","To invocie is OK"
"JD-85695","To invocie is OK"
"RMT-294212","To invocie is OK"
"OL-50127","To invocie is OK"
"RH-13804","To invocie is OK"
"RMT-292819","To invocie is OK"
"OL-49480","To invocie is OK"
"PW-295788","To invocie is OK"
"RMT-293526","To invocie is OK"
"RMT-283880","no bill for pendingApproval"
"PW-297008","To invocie is OK"
"JD-83949","To invocie is OK"
"PW-298038","To invocie is OK"
"CD-197201","To invocie is OK"
"WIN-139791","To invocie is OK"
"RMT-293123","To invocie is OK"
"PW-293337","To invocie is OK"
"JD-85723","To invocie is OK"
"CD-201492","To invocie is OK"
"RMT-284221","no bill for pendingApproval"
"OL-50764","To invocie is OK"
"WIN-139697","To invocie is OK"
"CD-200963","To invocie is OK"
"GCP-26767","To invocie is OK"
"CD-200612","To invocie is OK"
"RMT-290700","To invocie is OK"
"PW-298301","To invocie is OK"
"OL-49492","To invocie is OK"
"OL-50885","To invocie is OK"
"RMT-285899","no bill for cancelled"
"RMT-288967","To invocie is OK"
"JB-3192","To invocie is OK"
"GCP-26752","To invocie is OK"
"RMT-285612","no bill for pendingApproval"
"OL-50861","To invocie is OK"
"JD-85716","To invocie is OK"
"OL-50419","To invocie is OK"
"OL-49515","To invocie is OK"
"CD-195427","To invocie is OK"
"RMT-294219","To invocie is OK"
"PW-293317","To invocie is OK"
"PW-297478","To invocie is OK"
"PW-298150","To invocie is OK"
"PW-298486","To invocie is OK"
"PW-298268","To invocie is OK"
"OL-50825","To invocie is OK"
"PW-294024","To invocie is OK"
"JD-85587","To invocie is OK"
"COC-110414","To invocie is OK"
"MA-18510","To invocie is OK"
"JD-83985","To invocie is OK"
"GCP-26745","To invocie is OK"
"RMT-294010","To invocie is OK"
"OL-50865","To invocie is OK"
"RH-13809","To invocie is OK"
"GCP-26201","To invocie is OK"
"OL-49494","To invocie is OK"
"JD-85633","To invocie is OK"
"COC-107035","To invocie is OK"
"RH-13812","To invocie is OK"
"JD-85665","To invocie is OK"
"TH-21721","To invocie is OK"
"RMT-293857","To invocie is OK"
"OL-50873","To invocie is OK"
"CD-199712","To invocie is OK"
"JD-85674","To invocie is OK"
"RMT-292743","To invocie is OK"
"GP-57149","To invocie is OK"
"CD-200298","To invocie is OK"
"OL-50836","To invocie is OK"
"COC-110010","To invocie is OK"
"RMT-293000","To invocie is OK"
"OL-50425","To invocie is OK"
"CD-200000","To invocie is OK"
"CD-201068","To invocie is OK"
"OL-50812","To invocie is OK"
"OL-50796","To invocie is OK"
"PC-176408","To invocie is OK"
"COC-110411","To invocie is OK"
"JD-85645","To invocie is OK"
"COC-107739","To invocie is OK"
"CD-201273","To invocie is OK"
"PC-174778","To invocie is OK"
"PW-298270","To invocie is OK"
"GP-57161","To invocie is OK"
"OL-50842","To invocie is OK"
"COC-107069","To invocie is OK"
"PW-298281","To invocie is OK"
"RMT-293639","To invocie is OK"
"PC-176315","To invocie is OK"
"JD-85737","To invocie is OK"
"RMT-294070","To invocie is OK"
"CD-197581","To invocie is OK"
"COC-110464","To invocie is OK"
"JD-83975","To invocie is OK"
"CD-198318","To invocie is OK"
"JD-85564","To invocie is OK"
"RMT-293213","To invocie is OK"
"WIN-139630","To invocie is OK"
"JD-85627","To invocie is OK"
"COC-110161","To invocie is OK"
"RMT-293090","To invocie is OK"
"RH-13815","To invocie is OK"
"Supe-2964","To invocie is OK"
"WIN-139900","To invocie is OK"
"PW-297783","To invocie is OK"
"RMT-293953","To invocie is OK"
"CD-201496","To invocie is OK"
"RMT-293825","To invocie is OK"
"JD-85735","To invocie is OK"
"RO-22659","To invocie is OK"
"OL-50841","To invocie is OK"
"RMT-293773","To invocie is OK"
"MA-18560","To invocie is OK"
"JD-85657","To invocie is OK"
"RMT-293577","To invocie is OK"
"PW-297795","To invocie is OK"
"OL-50777","To invocie is OK"
"RMT-283683","no bill for pendingApproval"
"CD-201166","To invocie is OK"
"GCP-26772","To invocie is OK"
"PW-291615","To invocie is OK"
"JD-83966","To invocie is OK"
"JD-85740","To invocie is OK"
"PW-297834","To invocie is OK"
"RMT-293826","To invocie is OK"
"PC-177002","To invocie is OK"
"PW-297477","To invocie is OK"
"COC-107046","To invocie is OK"
"PW-287492","To invocie is OK"
"PW-298294","To invocie is OK"
"WIN-139830","To invocie is OK"
"PC-176198","To invocie is OK"
"RMT-293582","To invocie is OK"
"OL-49488","To invocie is OK"
"JD-85604","To invocie is OK"
"CD-200396","To invocie is OK"
"OL-49493","To invocie is OK"
"GCP-26755","To invocie is OK"
"JD-84620","To invocie is OK"
"RMT-293638","To invocie is OK"
"COC-110036","To invocie is OK"
"FH-47960","To invocie is OK"
"JD-83994","To invocie is OK"
"WIN-139969","To invocie is OK"
"PC-173992","To invocie is OK"
"PW-298669","To invocie is OK"
"COC-110277","To invocie is OK"
"FH-47835","To invocie is OK"
"FH-47870","To invocie is OK"
"RMT-294122","To invocie is OK"
"GCP-26760","To invocie is OK"
"JD-83976","To invocie is OK"
"RMT-293251","To invocie is OK"
"JD-85668","To invocie is OK"
"RMT-293542","To invocie is OK"
"PW-290474","To invocie is OK"
"OL-50876","To invocie is OK"
"RH-13795","To invocie is OK"
"PW-297863","To invocie is OK"
"COC-110092","To invocie is OK"
"GP-55250","To invocie is OK"
"PW-292553","To invocie is OK"
"PW-297471","To invocie is OK"
"JD-85710","To invocie is OK"
"OL-49507","To invocie is OK"
"COC-107005","To invocie is OK"
"PW-298221","To invocie is OK"
"WIN-139593","To invocie is OK"
"RMT-292608","To invocie is OK"
"JD-85675","To invocie is OK"
"RMT-293284","To invocie is OK"
"PW-292253","To invocie is OK"
"OL-50817","To invocie is OK"
"RMT-293650","To invocie is OK"
"RMT-294257","To invocie is OK"
"CD-200254","To invocie is OK"
"PW-291202","To invocie is OK"
"CD-196640","To invocie is OK"
"JD-85711","To invocie is OK"
"OL-50852","To invocie is OK"
"JD-85607","To invocie is OK"
"COC-110426","To invocie is OK"
"PW-287168","To invocie is OK"
"RH-13791","To invocie is OK"
"OL-50883","To invocie is OK"
"JD-85599","To invocie is OK"
"CD-200782","To invocie is OK"
"OL-50880","To invocie is OK"
"RMT-285296","no bill for pendingApproval"
"JD-85656","To invocie is OK"
"COC-107065","To invocie is OK"
"CD-200658","To invocie is OK"
"CD-196550","To invocie is OK"
"JD-85635","To invocie is OK"
"JD-85654","To invocie is OK"
"CD-200637","To invocie is OK"
"JD-85655","To invocie is OK"
"JD-85742","To invocie is OK"
"CD-200458","To invocie is OK"
"RMT-292820","To invocie is OK"
"RMT-284736","no bill for pendingApproval"
"OL-50845","To invocie is OK"
"ST-17358","To invocie is OK"
"RMT-293910","To invocie is OK"
"PW-290381","To invocie is OK"
"PW-296654","To invocie is OK"
"PW-287234","no bill for pendingApproval"
"PC-174687","To invocie is OK"
"WIN-140023","To invocie is OK"
"PW-289951","To invocie is OK"
"JD-83993","To invocie is OK"
"RH-13680","To invocie is OK"
"COC-106992","To invocie is OK"
"PC-176207","To invocie is OK"
"CD-195953","To invocie is OK"
"COC-107054","To invocie is OK"
"OL-50484","To invocie is OK"
"JD-85687","To invocie is OK"
"CD-200262","To invocie is OK"
"JD-85545","To invocie is OK"
"COC-110434","To invocie is OK"
"PW-286524","To invocie is OK"
"JD-83969","To invocie is OK"
"PW-295535","To invocie is OK"
"CD-200369","To invocie is OK"
"CD-200324","To invocie is OK"
"COC-107042","To invocie is OK"
"OL-50806","To invocie is OK"
"JD-83950","To invocie is OK"
"JD-85546","To invocie is OK"
"JD-85708","To invocie is OK"
"PW-298295","To invocie is OK"
"PW-298284","To invocie is OK"
"JD-84013","To invocie is OK"
"CD-200307","To invocie is OK"
"OL-50866","To invocie is OK"
"CD-201218","To invocie is OK"
"PW-291664","To invocie is OK"
"PW-287236","To invocie is OK"
"JD-85736","To invocie is OK"
"JD-85642","To invocie is OK"
"RMT-293346","To invocie is OK"
"RH-13790","To invocie is OK"
"JD-85602","To invocie is OK"
"COC-110247","To invocie is OK"
"PW-298186","To invocie is OK"
"JD-85683","To invocie is OK"
"PW-292784","To invocie is OK"
"PC-176414","To invocie is OK"
"PW-298235","To invocie is OK"
"RMT-290296","To invocie is OK"
"PW-288879","To invocie is OK"
"WIN-139957","To invocie is OK"
"CD-200590","To invocie is OK"
"JD-84001","To invocie is OK"
"RMT-293522","To invocie is OK"
"JD-85712","To invocie is OK"
"PW-297708","To invocie is OK"
"RH-13488","To invocie is OK"
"FH-48021","To invocie is OK"
"CD-201002","To invocie is OK"
"COC-110478","To invocie is OK"
"FH-47947","To invocie is OK"
"RMT-293708","To invocie is OK"
"PW-297441","To invocie is OK"
"JD-85669","To invocie is OK"
"COC-110515","To invocie is OK"
"PW-293586","To invocie is OK"
"RH-13805","To invocie is OK"
"JD-85574","To invocie is OK"
"WIN-140085","To invocie is OK"
"WIN-139741","To invocie is OK"
"PW-298701","To invocie is OK"
"RMT-290306","To invocie is OK"
"GP-57131","To invocie is OK"
"PW-293987","To invocie is OK"
"WIN-140205","To invocie is OK"
"WIN-139646","To invocie is OK"
"RMT-293467","To invocie is OK"
"CD-195428","To invocie is OK"
"PW-297221","To invocie is OK"
"JD-85717","To invocie is OK"
"JD-85641","To invocie is OK"
"RMT-293635","To invocie is OK"
"OL-50844","To invocie is OK"
"OL-49484","To invocie is OK"
"RH-13771","To invocie is OK"
"JD-83983","To invocie is OK"
"CD-200575","To invocie is OK"
"JD-85611","To invocie is OK"
"PW-297936","To invocie is OK"
"RMT-293924","To invocie is OK"
"RMT-293446","To invocie is OK"
"JD-85691","To invocie is OK"
"RMT-285786","no bill for cancelled"
"JD-85680","To invocie is OK"
"PW-297504","To invocie is OK"
"PW-297364","To invocie is OK"
"CD-197555","To invocie is OK"
"CD-198092","To invocie is OK"
"GCP-26776","To invocie is OK"
"RMT-293546","To invocie is OK"
"TH-21722","To invocie is OK"
"JD-85722","To invocie is OK"
"COC-107528","To invocie is OK"
"COC-110489","To invocie is OK"
"RMT-289715","To invocie is OK"
"JD-83982","To invocie is OK"
"ST-17165","no bill for pendingApproval"
"RMT-292963","To invocie is OK"
"RMT-285704","no bill for pendingApproval"
"JD-85595","To invocie is OK"
"CD-200582","To invocie is OK"
"GCP-26759","To invocie is OK"
"OL-50864","To invocie is OK"
"RMT-293096","To invocie is OK"
"PW-294369","To invocie is OK"
"JD-85677","To invocie is OK"
"RMT-288238","To invocie is OK"
"CD-200848","To invocie is OK"
"OL-50808","To invocie is OK"
"PW-298631","To invocie is OK"
"RMT-294002","To invocie is OK"
"RMT-293126","To invocie is OK"
"RMT-293709","To invocie is OK"
"GCP-26660","To invocie is OK"
"PW-298252","To invocie is OK"
"PC-176199","To invocie is OK"
"PW-297445","To invocie is OK"
"JD-85643","To invocie is OK"
"CD-195656","To invocie is OK"
"PW-298607","To invocie is OK"
"WIN-140010","To invocie is OK"
"OL-50867","To invocie is OK"
"JD-85629","To invocie is OK"
"WIN-139721","To invocie is OK"
"RMT-292737","To invocie is OK"
"COC-110413","To invocie is OK"
"PW-298866","To invocie is OK"
"JD-85576","To invocie is OK"
"CD-201015","To invocie is OK"
"RH-13776","To invocie is OK"
"CD-201169","To invocie is OK"
"RMT-294083","To invocie is OK"
"OL-50870","To invocie is OK"
"PC-174622","To invocie is OK"
"RMT-294053","To invocie is OK"
"RMT-293993","To invocie is OK"
"FH-48025","To invocie is OK"
"CD-201380","To invocie is OK"
"JD-85565","To invocie is OK"
"WIN-138347","To invocie is OK"
"GCP-26756","To invocie is OK"
"GCP-26762","To invocie is OK"
"JD-85532","To invocie is OK"
"PW-298639","To invocie is OK"
"JD-85446","To invocie is OK"
"RMT-293350","To invocie is OK"
"MA-18574","To invocie is OK"
"GCP-26202","To invocie is OK"
"OL-49512","To invocie is OK"
"OL-50457","To invocie is OK"
"OL-50795","To invocie is OK"
"RMT-292905","To invocie is OK"
"PC-176201","To invocie is OK"
"OL-49504","To invocie is OK"
"RMT-284564","no bill for pendingApproval"
"GP-57152","To invocie is OK"
"RMT-290687","To invocie is OK"
"PW-296749","To invocie is OK"
"GCP-26784","To invocie is OK"
"PW-297853","To invocie is OK"
"JD-85596","To invocie is OK"
"RMT-293954","To invocie is OK"
"CD-200743","To invocie is OK"
"RMT-293572","To invocie is OK"
"PW-298269","To invocie is OK"
"PW-288878","To invocie is OK"
"GCP-26780","To invocie is OK"
"PW-297663","To invocie is OK"
"JD-83962","To invocie is OK"
"PW-298245","To invocie is OK"
"RMT-290231","To invocie is OK"
"JD-85605","To invocie is OK"
"PW-297570","To invocie is OK"
"JD-83965","To invocie is OK"
"WIN-139895","To invocie is OK"
"JD-85734","To invocie is OK"
"GCP-26775","To invocie is OK"
"RMT-294107","To invocie is OK"
"RMT-293782","To invocie is OK"
"COC-110417","To invocie is OK"
"RH-13801","To invocie is OK"
"PC-176032","To invocie is OK"
"TH-21495","To invocie is OK"
"OL-50816","To invocie is OK"
"COC-110185","To invocie is OK"
"RMT-292994","To invocie is OK"
"PW-297488","To invocie is OK"
"JD-85685","To invocie is OK"
"WIN-139914","To invocie is OK"
"PW-298276","To invocie is OK"
"CD-201375","To invocie is OK"
"CD-200410","To invocie is OK"
"CD-197899","To invocie is OK"
"COC-107075","To invocie is OK"
"COC-107825","To invocie is OK"
"PW-296967","To invocie is OK"
"JD-85601","To invocie is OK"
"JD-85606","To invocie is OK"
"COC-107070","To invocie is OK"
"PW-297829","To invocie is OK"
"COC-108556","To invocie is OK"
"OL-50850","To invocie is OK"
"PW-298387","To invocie is OK"
"OL-49483","To invocie is OK"
"CD-200446","To invocie is OK"
"RMT-294164","To invocie is OK"
"PW-295997","To invocie is OK"
"JD-84475","To invocie is OK"
"JD-85689","To invocie is OK"
"GP-57093","To invocie is OK"
"RMT-292898","To invocie is OK"
"PW-296478","To invocie is OK"
"RMT-293641","To invocie is OK"
"TH-21687","To invocie is OK"
"JD-85530","To invocie is OK"
"PW-297828","To invocie is OK"
"OL-50869","To invocie is OK"
"OL-49514","To invocie is OK"
"PW-297203","To invocie is OK"
"OL-49485","To invocie is OK"
"JD-85630","To invocie is OK"
"COC-110212","To invocie is OK"
"RH-13806","To invocie is OK"
"OL-49505","To invocie is OK"
"PW-298888","To invocie is OK"
"COC-110474","To invocie is OK"
"RMT-293327","To invocie is OK"
"OL-50857","To invocie is OK"
"CD-200801","To invocie is OK"
"COC-107055","To invocie is OK"
"RH-13468","To invocie is OK"
"WIN-135589","no bill for pendingApproval"
"MO-3250","To invocie is OK"
"CD-200619","To invocie is OK"
"PW-298753","To invocie is OK"
"PW-298839","To invocie is OK"
"JD-85619","To invocie is OK"
"CD-195261","To invocie is OK"
"CD-195468","To invocie is OK"
"PW-292020","To invocie is OK"
"OL-50334","To invocie is OK"
"CD-198476","To invocie is OK"